Serial,Full Name,Email,Password,WhatsApp,Country
1,Ali Chaudhry,user0000173@gmail.com,&jjHJyl6,+1 (607) 779-7214,Pakistan
2,Hira Younis,user0000280@gmail.com,w5!oH8A4J,+1 (708) 680-4611,Pakistan
3,Emma Farooq,user0000317@gmail.com,UK7F4c&@Xk,+1 (991) 545-8847,Pakistan
4,Usman Mwangi,user0000417@gmail.com,bEHkfE!P35,+1 (716) 280-4446,Canada
5,Eman Rossi,user0000538@gmail.com,9hC*xmHB,+1 (714) 971-1606,Pakistan
6,Laiba Saleem,user0000679@gmail.com,1%IsE*ms,+1 (458) 299-3330,Canada
7,Junaid Lin,user0000746@gmail.com,60zkp!U#,+1 (466) 868-0757,Pakistan
8,Bilal Riaz,user0000817@gmail.com,6AG5wk4J&U,+1 (750) 614-1036,Pakistan
9,Usman Tanaka,user0000931@gmail.com,$3ShXi*Mk5,+1 (988) 818-4450,Pakistan
10,Faisal Bhatti,user0001080@gmail.com,H4hD%o$1,+1 (686) 856-5818,Pakistan
11,Hamza Butt,user0001138@gmail.com,IYTk5Cc#,+1 (989) 534-6609,Pakistan
12,Aleena Cruz,user0001283@gmail.com,i4c&lB95,+1 (919) 900-5858,Pakistan
13,Saad Mwangi,user0001362@gmail.com,9#R$pef5B,+1 (890) 419-8629,Pakistan
14,Olivia Javed,user0001428@gmail.com,yX@Lzf5q,+1 (356) 594-4991,Pakistan
15,Salman Saleem,user0001565@gmail.com,%OLlZ7iG,+1 (294) 682-3062,Pakistan
16,Asad Sheikh,user0001653@gmail.com,*IsRk7Z0h,+1 (799) 656-1388,Saudi Arabia
17,Daniel Smith,user0001745@gmail.com,20GN%5qv$e,+1 (351) 962-3892,Pakistan
18,Sara Qureshi,user0001862@gmail.com,halDZ%ZB0J,+1 (588) 564-5381,Canada
19,Ahmed Tanaka,user0001967@gmail.com,J1k6&bDX,+1 (913) 238-7589,Pakistan
20,Faisal Hassan,user0002035@gmail.com,7P&1r88F,+1 (889) 672-7713,Pakistan
21,Hassan Hussain,user0002134@gmail.com,CD!xb*Q3,+1 (337) 799-0223,UAE
22,Mia Cruz,user0002272@gmail.com,!owR9rSrG,+1 (408) 415-7296,Pakistan
23,Saad Butt,user0002373@gmail.com,RC2YQa@STd,+1 (934) 995-0979,Pakistan
24,Waqas Khan,user0002446@gmail.com,J$C6XL!le,+1 (283) 811-5517,Pakistan
25,Imran Tanaka,user0002580@gmail.com,n*51iOS*6,+1 (457) 635-7034,Pakistan
26,Maryam Hussain,user0002679@gmail.com,%&0Uo@Yj,+1 (840) 771-3473,Pakistan
27,Faisal Butt,user0002718@gmail.com,g7%2QVbh@J,+1 (932) 940-0155,Pakistan
28,Junaid Cruz,user0002823@gmail.com,qD0Ez0@Ka,+1 (593) 512-7151,Pakistan
29,Hamza Tanaka,user0002941@gmail.com,$LlE*70u,+1 (387) 653-8425,Pakistan
30,Imran Younis,user0003094@gmail.com,1su@TC*j,+1 (842) 496-8692,Saudi Arabia
31,Salman Mwangi,user0003175@gmail.com,Y*L3q!#j,+1 (680) 690-8830,Pakistan
32,Zain Hassan,user0003270@gmail.com,Rz#kTmWx7,+1 (987) 292-7996,Pakistan
33,Junaid Aslam,user0003320@gmail.com,f7UJwG&#%H,+1 (321) 266-0910,Pakistan
34,Omar Nawaz,user0003468@gmail.com,kR*0IQM#2z,+1 (278) 355-6784,Pakistan
35,Junaid Saleem,user0003527@gmail.com,uM$PD9cE6,+1 (265) 425-3363,Pakistan
36,Amna Younis,user0003696@gmail.com,fhG8&L#g,+1 (446) 991-7345,Pakistan
37,Ali Aslam,user0003795@gmail.com,$0yFX&Tu,+1 (951) 730-2822,Pakistan
38,Noman Saleem,user0003837@gmail.com,Av#*xG4l,+1 (958) 944-4872,Pakistan
39,Noor Mwangi,user0003956@gmail.com,!5f$HerpT,+1 (577) 871-6976,Pakistan
40,Daniel Smith,user0004029@gmail.com,d4*Lt9smR*,+1 (350) 231-2748,UAE
41,Maryam Rossi,user0004125@gmail.com,Rf1!c7HZg,+1 (369) 533-4837,Pakistan
42,Mia Cruz,user0004214@gmail.com,pOXC2*%7,+1 (239) 784-2518,Pakistan
43,Sana Younis,user0004388@gmail.com,$fVW7Yh88b,+1 (548) 618-8170,Pakistan
44,Eman Saleem,user0004443@gmail.com,$a@S%3m6X,+1 (564) 809-9907,India
45,Rabia Saleem,user0004535@gmail.com,#%hE6@&cYJ,+1 (339) 245-5154,Saudi Arabia
46,Sara Rossi,user0004683@gmail.com,oQ3tf&DXF,+1 (235) 276-9607,Pakistan
47,Layla Aziz,user0004715@gmail.com,J9lq&!Ng3,+1 (330) 483-3950,Pakistan
48,Maryam Khan,user0004868@gmail.com,%eUVdbaL1M,+1 (596) 401-2414,UK
49,Mehwish Tanaka,user0004951@gmail.com,hDM50%r9Y0,+1 (909) 809-2251,Pakistan
50,Mahnoor Aslam,user0005024@gmail.com,Ct$RZD1m,+1 (789) 470-9208,Pakistan
51,Mahnoor Tanaka,user0005110@gmail.com,8%WcctjW,+1 (548) 457-5750,Pakistan
52,Junaid Ahmed,user0005281@gmail.com,*@$T4SgbQ,+1 (744) 317-7498,Pakistan
53,Omar Javed,user0005380@gmail.com,jq@0rhGv,+1 (762) 407-5948,Pakistan
54,Hamza Malik,user0005479@gmail.com,tKz@X4!3,+1 (595) 972-7133,Pakistan
55,Noman Iqbal,user0005573@gmail.com,vpP1kJxP@,+1 (592) 717-7959,Pakistan
56,Junaid Garcia,user0005651@gmail.com,sqj1@ev@sZ,+1 (771) 813-2961,Pakistan
57,Liam Garcia,user0005784@gmail.com,*R4!BEti,+1 (532) 865-7763,Pakistan
58,Adnan Park,user0005819@gmail.com,CC@45JuG$,+1 (928) 295-6792,Pakistan
59,Areeba Javed,user0005976@gmail.com,#j@6vAooh,+1 (698) 564-1503,Pakistan
60,Laiba Nawaz,user0006065@gmail.com,PQGNq$6Dja,+1 (468) 988-1267,Pakistan
61,Ayesha Mwangi,user0006197@gmail.com,mHipsI66%L,+1 (776) 881-8837,Pakistan
62,Usman Garcia,user0006223@gmail.com,N6p#Bb1Y,+1 (687) 550-7189,Pakistan
63,Laiba Raza,user0006380@gmail.com,0J%hd8y$D!,+1 (448) 930-7101,Pakistan
64,Asad Ali,user0006454@gmail.com,CY%6DNkp&,+1 (648) 755-5197,Pakistan
65,Sofia Rossi,user0006515@gmail.com,UK*wmxz*3O,+1 (842) 426-9282,Pakistan
66,Layla Butt,user0006682@gmail.com,hKg1up4$#,+1 (364) 641-7231,Pakistan
67,Asad Bhatti,user0006728@gmail.com,vlq5A9Up*,+1 (765) 711-0382,Pakistan
68,Rizwan Tanaka,user0006852@gmail.com,N4UN!l*Etk,+1 (586) 457-0923,Pakistan
69,Olivia Park,user0006991@gmail.com,k1sDl$Am,+1 (222) 455-1191,Pakistan
70,Noman Hussain,user0007077@gmail.com,jW8DLDn!s,+1 (271) 887-9120,Pakistan
71,Mehwish Bhatti,user0007160@gmail.com,*sRDIi2%,+1 (941) 948-3388,Pakistan
72,Fatima Lin,user0007265@gmail.com,sIuTo@O27,+1 (210) 528-2463,Pakistan
73,Zain Cruz,user0007317@gmail.com,wH4H@xx46,+1 (605) 843-1286,Pakistan
74,Kamran Farooq,user0007454@gmail.com,#K#q0uQ8F,+1 (883) 756-6134,Pakistan
75,Waqas Qureshi,user0007520@gmail.com,#2QgBr2pA,+1 (688) 611-6893,Pakistan
76,Mehwish Bhatti,user0007665@gmail.com,ihs@R#E4,+1 (311) 966-3062,Pakistan
77,Hamza Qureshi,user0007753@gmail.com,Z#pDSqX26E,+1 (571) 656-1890,Pakistan
78,Liam Aziz,user0007826@gmail.com,RQB&5vNd,+1 (834) 898-3659,Pakistan
79,Imran Saleem,user0007965@gmail.com,uaST08l*nO,+1 (481) 932-4514,India
80,Layla Bhatti,user0008048@gmail.com,e@2w0lqfVl,+1 (489) 669-3626,Pakistan
81,Tariq Awan,user0008181@gmail.com,#tD6#M1Sy,+1 (700) 342-6648,Pakistan
82,Maryam Garcia,user0008296@gmail.com,667*t7DA,+1 (936) 315-5583,India
83,Hamza Mwangi,user0008377@gmail.com,jDh5s$%zRJ,+1 (321) 644-7880,Pakistan
84,Zara Riaz,user0008457@gmail.com,j#sCx8M0GG,+1 (530) 224-6793,Pakistan
85,Rabia Riaz,user0008597@gmail.com,iObbI3#ABG,+1 (270) 457-4400,USA
86,Noor Garcia,user0008641@gmail.com,$2W9tWS#,+1 (916) 460-9937,Pakistan
87,Sana Javed,user0008733@gmail.com,A5@L8Ga2,+1 (761) 856-7461,Pakistan
88,Hira Malik,user0008892@gmail.com,@C3sjkuJ&9,+1 (444) 657-6436,Saudi Arabia
89,Aleena Javed,user0008915@gmail.com,q9I5Y$31,+1 (958) 882-4176,Pakistan
90,Daniel Garcia,user0009047@gmail.com,*EQ3V08Pad,+1 (644) 278-1469,Pakistan
91,Ali Khan,user0009195@gmail.com,U&3%pnXi2e,+1 (610) 764-0997,Pakistan
92,Amna Aslam,user0009296@gmail.com,6x83*GIpm,+1 (612) 890-8369,Pakistan
93,Laiba Aslam,user0009377@gmail.com,FtZ6$og04,+1 (258) 508-9972,India
94,Eman Khan,user0009417@gmail.com,#f9K*Doyf,+1 (457) 515-6276,Pakistan
95,Areeba Smith,user0009520@gmail.com,#@2x8Jad,+1 (823) 644-3173,USA
96,Rabia Butt,user0009635@gmail.com,m3&XSr@o%%,+1 (232) 785-1473,Pakistan
97,Fatima Ali,user0009728@gmail.com,&wdyd4J%1,+1 (901) 212-7244,Saudi Arabia
98,Maryam Raza,user0009853@gmail.com,#PdZ$3O5,+1 (682) 823-8083,Pakistan
99,Adnan Qureshi,user0009989@gmail.com,s3&*MYwM,+1 (797) 767-2069,Pakistan
100,Imran Qureshi,user0010066@gmail.com,2SK&bwEhN9,+1 (798) 912-6089,Pakistan
101,Laiba Iqbal,user0010125@gmail.com,4oBClr6!N,+1 (462) 290-5116,Pakistan
102,Omar Iqbal,user0010249@gmail.com,nHqVg5B&,+1 (629) 234-9372,Saudi Arabia
103,Eman Chaudhry,user0010316@gmail.com,P$SMPj1c,+1 (994) 375-1555,UK
104,Areeba Aslam,user0010459@gmail.com,3YYB!U@&fH,+1 (963) 845-2888,Pakistan
105,Rizwan Iqbal,user0010542@gmail.com,X2e@bMCk,+1 (396) 640-2785,Pakistan
106,Rabia Park,user0010672@gmail.com,!07!tA@lT%,+1 (202) 900-2227,Pakistan
107,Daniel Nawaz,user0010789@gmail.com,@mMCtn0q,+1 (615) 514-8647,Canada
108,Laiba Sheikh,user0010852@gmail.com,Y$Eym8Vs,+1 (526) 260-7703,Pakistan
109,Amna Javed,user0010914@gmail.com,HvIn7IV#jW,+1 (996) 605-7083,Pakistan
110,Hussain Mwangi,user0011073@gmail.com,s4G6uRV#,+1 (729) 778-8509,Pakistan
111,Hussain Farooq,user0011163@gmail.com,8F*E#mCp3,+1 (847) 286-7868,Pakistan
112,Waqas Aziz,user0011229@gmail.com,nZituD9%$B,+1 (970) 321-1498,Pakistan
113,Mia Sheikh,user0011392@gmail.com,CdXC*i8e*,+1 (398) 841-2338,Pakistan
114,Junaid Smith,user0011486@gmail.com,5Oj*2%2rRE,+1 (453) 537-4255,Pakistan
115,Hamza Cruz,user0011557@gmail.com,tGwJ#uK$1s,+1 (960) 959-6374,Pakistan
116,Ali Cruz,user0011624@gmail.com,r%D8krc#N,+1 (390) 759-1077,Pakistan
117,Kamran Malik,user0011746@gmail.com,$qVLgy$!4M,+1 (941) 938-7811,Pakistan
118,Ali Sheikh,user0011823@gmail.com,Sp9CxV*Mw,+1 (730) 640-5262,Pakistan
119,Sadia Chaudhry,user0011952@gmail.com,p7jJF#I$8f,+1 (373) 735-8816,Pakistan
120,Bilal Javed,user0012060@gmail.com,&ig4%qSh7,+1 (251) 352-8712,USA
121,Maryam Javed,user0012154@gmail.com,VRrGO%e6,+1 (610) 535-3634,Pakistan
122,Rizwan Awan,user0012267@gmail.com,9vJC0Jo*tB,+1 (955) 514-3482,Pakistan
123,Sara Aslam,user0012399@gmail.com,Ang%Ujnf%0,+1 (491) 301-4452,Pakistan
124,Lucas Qureshi,user0012411@gmail.com,g#p4!h0S01,+1 (201) 370-3456,USA
125,Aleena Bhatti,user0012516@gmail.com,lt%9LRwmg,+1 (361) 398-7052,Pakistan
126,Bilal Sheikh,user0012690@gmail.com,HJ1Ec@M*vq,+1 (756) 354-1719,Pakistan
127,Ahmed Smith,user0012755@gmail.com,J&SMyP*6h,+1 (433) 384-5657,Pakistan
128,Hussain Ali,user0012868@gmail.com,@p2Nzl08,+1 (605) 350-2861,Pakistan
129,Hira Saleem,user0012933@gmail.com,Dy4kzJ%7ov,+1 (216) 412-9590,Pakistan
130,Bilal Ali,user0013053@gmail.com,jYgKDD5@I,+1 (616) 259-5247,India
131,Ali Aziz,user0013179@gmail.com,gYxEW&v7,+1 (221) 460-5699,Pakistan
132,Ali Ali,user0013242@gmail.com,giW0F8$U,+1 (376) 215-8646,Pakistan
133,Lucas Aziz,user0013325@gmail.com,#fi9Ni@dK#,+1 (573) 991-6021,Pakistan
134,Bilal Javed,user0013465@gmail.com,0v*#*ERj,+1 (820) 770-2413,Pakistan
135,Sara Park,user0013527@gmail.com,1C6@QssJ,+1 (427) 303-9897,Pakistan
136,Ali Mwangi,user0013679@gmail.com,2hxP0X%!f9,+1 (893) 567-4895,Pakistan
137,Omar Sheikh,user0013739@gmail.com,mU3TR!Bbr,+1 (300) 298-6863,Pakistan
138,Mehwish Mwangi,user0013841@gmail.com,jM##4TlCz,+1 (524) 529-0560,Pakistan
139,Maryam Aslam,user0013923@gmail.com,z1Jl0J%a@Y,+1 (774) 869-5430,Pakistan
140,Adnan Chaudhry,user0014090@gmail.com,rWgFz4df&3,+1 (976) 274-5921,Pakistan
141,Kamran Riaz,user0014198@gmail.com,@iUpD3*@NG,+1 (458) 324-4709,Pakistan
142,Liam Ali,user0014265@gmail.com,x@3BF@kVm7,+1 (819) 646-6496,Pakistan
143,Hira Khan,user0014389@gmail.com,h!Xc*82Cj,+1 (671) 342-0381,Pakistan
144,Mahnoor Nawaz,user0014450@gmail.com,#erQ&l%7F,+1 (737) 449-6125,Pakistan
145,Noor Bhatti,user0014545@gmail.com,%mQm0Zq#iV,+1 (916) 271-4287,Pakistan
146,Zara Cruz,user0014612@gmail.com,dT&bj$lN6,+1 (207) 421-9513,Pakistan
147,Liam Park,user0014744@gmail.com,H%!Tq7xF,+1 (674) 514-0123,Pakistan
148,Noor Farooq,user0014855@gmail.com,nsGiY&1!SP,+1 (234) 810-1560,Pakistan
149,Ali Saleem,user0014941@gmail.com,U2dn%Xq*,+1 (240) 627-8568,Pakistan
150,Waqas Park,user0015028@gmail.com,F9WuK%!R,+1 (332) 300-7606,Pakistan
151,Emma Aslam,user0015195@gmail.com,$0adSnR6#L,+1 (255) 624-5798,Saudi Arabia
152,Lucas Iqbal,user0015245@gmail.com,ArEKm%T0@,+1 (727) 341-3958,Canada
153,Daniel Cruz,user0015338@gmail.com,cl#oP3K0@,+1 (409) 802-6703,Pakistan
154,Emma Malik,user0015442@gmail.com,1WFuQ&5L,+1 (842) 507-0209,Pakistan
155,Hassan Ali,user0015578@gmail.com,Op#Q8QGl8g,+1 (542) 919-8514,Pakistan
156,Sadia Hussain,user0015641@gmail.com,M*r5Uk6&L,+1 (250) 643-9032,Pakistan
157,Asad Smith,user0015795@gmail.com,&t2QPMLJ,+1 (490) 502-1869,Pakistan
158,Komal Bhatti,user0015833@gmail.com,zL#hwed9VS,+1 (315) 787-5135,Pakistan
159,Saad Nawaz,user0015928@gmail.com,nVbF*kB8,+1 (305) 499-7954,Pakistan
160,Fatima Sheikh,user0016046@gmail.com,58iOQ&sL!f,+1 (440) 974-4849,Pakistan
161,Sofia Tanaka,user0016193@gmail.com,BBv@&WkW77,+1 (359) 902-0004,Pakistan
162,Aleena Raza,user0016282@gmail.com,R$RTeU3N,+1 (321) 903-8352,Pakistan
163,Mahnoor Garcia,user0016341@gmail.com,w!1O2@eRqg,+1 (336) 272-7229,Pakistan
164,Sara Bhatti,user0016430@gmail.com,3FOsK@iX,+1 (364) 882-5931,Pakistan
165,Sara Chaudhry,user0016593@gmail.com,@#5SgTrIT,+1 (502) 502-5796,Pakistan
166,Sara Iqbal,user0016681@gmail.com,i$wbj6$LL,+1 (302) 970-3156,Pakistan
167,Eman Ali,user0016754@gmail.com,iq$ehjzo4S,+1 (881) 804-5853,Pakistan
168,Sadia Farooq,user0016813@gmail.com,uaXXg#Nd8,+1 (311) 616-5077,Pakistan
169,Noah Khan,user0016911@gmail.com,@zZawNa4,+1 (811) 315-0470,Pakistan
170,Layla Rossi,user0017053@gmail.com,UkLz8A&b,+1 (252) 502-2316,Pakistan
171,Omar Sheikh,user0017148@gmail.com,oIQ7!u#yS,+1 (838) 360-8640,India
172,Sadia Smith,user0017235@gmail.com,1oDr!Xz1K4,+1 (806) 364-3233,Canada
173,Hira Park,user0017326@gmail.com,24B@b6GeRT,+1 (380) 944-3942,Saudi Arabia
174,Noman Ali,user0017417@gmail.com,IJ9yb#KMwC,+1 (804) 291-7824,Pakistan
175,Sadia Mwangi,user0017588@gmail.com,X$f83WqHu,+1 (679) 939-2751,Pakistan
176,Salman Aziz,user0017695@gmail.com,Jnq9G&#I,+1 (979) 246-8957,Pakistan
177,Hamza Javed,user0017720@gmail.com,76%02kIoa,+1 (864) 995-9292,Pakistan
178,Emma Hussain,user0017861@gmail.com,Um1weKv!z,+1 (851) 300-2502,Pakistan
179,Bilal Lin,user0017998@gmail.com,%tP9!K0W,+1 (353) 711-3273,Pakistan
180,Omar Smith,user0018090@gmail.com,5A1@s8oAty,+1 (348) 560-7594,Pakistan
181,Aleena Garcia,user0018185@gmail.com,Wi@8ly5Uq,+1 (840) 978-8815,Pakistan
182,Lucas Lin,user0018271@gmail.com,c1kURxO#i!,+1 (744) 791-6480,USA
183,Iqra Hussain,user0018351@gmail.com,Jxn!7xkk8,+1 (828) 386-1302,Pakistan
184,Mia Cruz,user0018414@gmail.com,a5kFnAy4%,+1 (544) 733-3295,Pakistan
185,Liam Butt,user0018575@gmail.com,w%m%Nm45,+1 (301) 377-4479,Pakistan
186,Waqas Raza,user0018657@gmail.com,Zntzu#dN7,+1 (551) 706-5605,Pakistan
187,Adnan Qureshi,user0018746@gmail.com,Zk$r2UI@,+1 (311) 739-7995,Pakistan
188,Amna Ali,user0018895@gmail.com,4aP!y10TU#,+1 (814) 708-8235,Pakistan
189,Rizwan Chaudhry,user0018922@gmail.com,wzbC&80Fe,+1 (644) 898-9039,Canada
190,Noor Khan,user0019044@gmail.com,CZYU$1*3r%,+1 (389) 925-8356,Pakistan
191,Hira Sheikh,user0019116@gmail.com,7#hMT%hH,+1 (809) 412-4278,Pakistan
192,Saad Qureshi,user0019227@gmail.com,9Ku@xkL2h,+1 (288) 449-9282,Pakistan
193,Lucas Chaudhry,user0019378@gmail.com,aY1d$pPw&,+1 (914) 927-1005,Pakistan
194,Liam Javed,user0019464@gmail.com,HZAzU7o@h,+1 (836) 663-6252,Canada
195,Noah Nawaz,user0019556@gmail.com,c%CsNgL8,+1 (576) 316-7549,Pakistan
196,Faisal Mwangi,user0019639@gmail.com,#wKFbg1lL,+1 (333) 602-4601,Pakistan
197,Faisal Aslam,user0019751@gmail.com,q84eLB#*,+1 (220) 923-9808,Pakistan
198,Rabia Ahmed,user0019816@gmail.com,Vzd982E!n,+1 (508) 577-6996,Pakistan
199,Hamza Butt,user0019922@gmail.com,u&27Vw!O#R,+1 (540) 559-8049,Pakistan
200,Layla Aslam,user0020016@gmail.com,j5z!1ZpgWY,+1 (619) 226-1125,Pakistan
201,Mehwish Nawaz,user0020180@gmail.com,LtAEmh4oL%,+1 (604) 653-7176,Pakistan
202,Imran Chaudhry,user0020262@gmail.com,6zc7W!M66*,+1 (387) 967-1227,Pakistan
203,Daniel Cruz,user0020354@gmail.com,D3SgQqJxo@,+1 (645) 555-2645,Pakistan
204,Imran Javed,user0020470@gmail.com,l3F%hVCmqp,+1 (582) 431-1015,Pakistan
205,Adnan Sheikh,user0020564@gmail.com,w%lpiU3t,+1 (932) 496-2120,Pakistan
206,Eman Bhatti,user0020643@gmail.com,wi*2tUo&,+1 (643) 608-9721,Pakistan
207,Kamran Chaudhry,user0020751@gmail.com,$@6BCZNzI,+1 (336) 551-8580,Pakistan
208,Emma Rossi,user0020876@gmail.com,!cpv*C*4nL,+1 (289) 293-8446,Pakistan
209,Asad Awan,user0020917@gmail.com,9QrU!1g9,+1 (783) 672-7497,Pakistan
210,Ayesha Ahmed,user0021036@gmail.com,Xma5$m$u,+1 (877) 488-9063,Pakistan
211,Sadia Hassan,user0021194@gmail.com,Q528Fp%Cmy,+1 (881) 673-6215,Pakistan
212,Liam Raza,user0021293@gmail.com,@$llq8xAF,+1 (749) 216-3165,Pakistan
213,Mahnoor Tanaka,user0021359@gmail.com,Qip86%t#E,+1 (526) 505-8565,Pakistan
214,Emma Aslam,user0021441@gmail.com,afrE0U%Q7A,+1 (682) 782-4604,Pakistan
215,Maryam Qureshi,user0021591@gmail.com,12&EHUup,+1 (610) 606-3777,Saudi Arabia
216,Sofia Rossi,user0021668@gmail.com,#CSM%3x0nx,+1 (424) 450-7306,Pakistan
217,Laiba Mwangi,user0021791@gmail.com,Ba5mAjh@z,+1 (480) 581-9742,Pakistan
218,Layla Smith,user0021863@gmail.com,AxK4l#Oa,+1 (864) 663-9667,Pakistan
219,Sadia Nawaz,user0021915@gmail.com,L##Wt*i0Hh,+1 (536) 674-7733,Pakistan
220,Iqra Hussain,user0022048@gmail.com,iR*Rem0T,+1 (468) 778-4401,Pakistan
221,Waqas Iqbal,user0022156@gmail.com,ml4tBwS@5,+1 (964) 802-8200,Pakistan
222,Omar Younis,user0022253@gmail.com,5@5M&GjH,+1 (405) 902-5198,Pakistan
223,Ali Raza,user0022380@gmail.com,51z9WuV*HS,+1 (761) 641-4001,Pakistan
224,Zain Ahmed,user0022495@gmail.com,piLrO$F21,+1 (336) 814-2947,Pakistan
225,Hassan Butt,user0022548@gmail.com,60isL056#K,+1 (504) 792-4268,Pakistan
226,Faisal Malik,user0022613@gmail.com,NBlEc!ZJ4b,+1 (560) 455-7095,Canada
227,Saad Mwangi,user0022712@gmail.com,mFm3KS#!,+1 (568) 945-5367,Pakistan
228,Sadia Qureshi,user0022893@gmail.com,SJ7D9$gn,+1 (851) 566-0615,USA
229,Imran Cruz,user0022940@gmail.com,@wEVVNo6O1,+1 (543) 419-8285,Pakistan
230,Hassan Sheikh,user0023028@gmail.com,!9O$bSoa,+1 (506) 519-6040,Pakistan
231,Waqas Aslam,user0023163@gmail.com,NKp2$two,+1 (550) 788-6887,Pakistan
232,Eman Rossi,user0023222@gmail.com,yA#0o8b1@O,+1 (899) 214-8385,Pakistan
233,Noor Malik,user0023315@gmail.com,WlYJGpo*8,+1 (993) 689-4333,Pakistan
234,Junaid Khan,user0023425@gmail.com,JHuD6W##qO,+1 (619) 305-9673,Pakistan
235,Rizwan Butt,user0023543@gmail.com,vVyv%5IP,+1 (350) 212-0960,Pakistan
236,Mahnoor Khan,user0023658@gmail.com,mW4L4!iAh7,+1 (571) 326-6507,Pakistan
237,Noah Nawaz,user0023759@gmail.com,LPSStpR3#u,+1 (248) 901-3822,Pakistan
238,Salman Ahmed,user0023894@gmail.com,7R9r%eQS,+1 (394) 981-8022,Pakistan
239,Sara Aslam,user0023978@gmail.com,0y&VrQqou,+1 (532) 997-9072,Pakistan
240,Hira Javed,user0024012@gmail.com,o8l@77#kSM,+1 (268) 345-0072,Pakistan
241,Omar Iqbal,user0024198@gmail.com,qv@5$sHiYV,+1 (794) 487-5298,Pakistan
242,Layla Hussain,user0024275@gmail.com,RCGJm*4qK,+1 (353) 562-4151,Pakistan
243,Zain Farooq,user0024395@gmail.com,pKl$Cj%Ta3,+1 (243) 594-7532,Pakistan
244,Sadia Hassan,user0024446@gmail.com,E5YvW$LE$,+1 (578) 723-7551,Pakistan
245,Hamza Khan,user0024562@gmail.com,Lf6Isp05*,+1 (336) 771-9139,Pakistan
246,Mehwish Sheikh,user0024649@gmail.com,6%B%4ue$,+1 (829) 244-2590,Canada
247,Ahmed Rossi,user0024711@gmail.com,mcG4WVH85%,+1 (207) 333-8694,Pakistan
248,Hussain Mwangi,user0024852@gmail.com,kDfk@9h4&h,+1 (483) 707-1063,Pakistan
249,Emma Tanaka,user0024916@gmail.com,IS4Xt*GV,+1 (501) 697-0698,UAE
250,Hira Saleem,user0025027@gmail.com,1$95HcUC@,+1 (777) 740-4164,Pakistan
251,Bilal Rossi,user0025192@gmail.com,$0ICHien,+1 (921) 890-5902,Pakistan
252,Emma Tanaka,user0025227@gmail.com,vPlQ92%E,+1 (314) 371-0646,Canada
253,Lucas Javed,user0025361@gmail.com,qFdA094P!!,+1 (756) 982-8276,Pakistan
254,Noah Javed,user0025411@gmail.com,i5MP@Z$&j,+1 (957) 457-9720,Pakistan
255,Zara Park,user0025538@gmail.com,sZ$5xrDyL,+1 (293) 552-3066,Pakistan
256,Saad Rossi,user0025689@gmail.com,bA#7*Qfr0C,+1 (496) 798-7205,Pakistan
257,Maryam Hussain,user0025738@gmail.com,k5@WV6qMaq,+1 (502) 509-5726,Pakistan
258,Kamran Rossi,user0025869@gmail.com,4*up#8EO,+1 (628) 217-4998,Pakistan
259,Noman Bhatti,user0025945@gmail.com,%Ql720DUG*,+1 (663) 787-4557,Pakistan
260,Aleena Ahmed,user0026016@gmail.com,PwN@6BYX,+1 (265) 977-1898,Pakistan
261,Iqra Lin,user0026190@gmail.com,B6bl@Pz*,+1 (652) 779-6373,Pakistan
262,Amna Butt,user0026284@gmail.com,2#tdEV@$V,+1 (444) 312-6189,Canada
263,Aleena Ali,user0026323@gmail.com,!yuH#34C,+1 (387) 820-4748,Pakistan
264,Sadia Hussain,user0026469@gmail.com,21ldqMd!f,+1 (222) 830-6628,Pakistan
265,Sofia Aziz,user0026514@gmail.com,vmXzpLH4B@,+1 (257) 379-4366,Pakistan
266,Daniel Malik,user0026614@gmail.com,4H0bJWl#G,+1 (822) 367-1212,Pakistan
267,Waqas Hussain,user0026768@gmail.com,Nv&K5s9H6s,+1 (721) 502-9515,Saudi Arabia
268,Areeba Younis,user0026843@gmail.com,mVd!VI32o,+1 (323) 730-5924,Pakistan
269,Rabia Iqbal,user0026974@gmail.com,J8@WsnG9jV,+1 (268) 988-6646,Pakistan
270,Sara Butt,user0027052@gmail.com,Nc8NoN!ebt,+1 (234) 296-1555,Pakistan
271,Junaid Raza,user0027164@gmail.com,Yhq41@mZ!,+1 (255) 364-8916,Pakistan
272,Noor Mwangi,user0027238@gmail.com,tICj65Ax!N,+1 (951) 827-1358,Pakistan
273,Laiba Bhatti,user0027351@gmail.com,*gZJgD59T@,+1 (698) 933-9866,Pakistan
274,Hira Qureshi,user0027465@gmail.com,AsO1R$7R,+1 (337) 468-6344,Pakistan
275,Noman Sheikh,user0027565@gmail.com,KDFp5#Bu$,+1 (959) 755-0838,Pakistan
276,Aleena Qureshi,user0027624@gmail.com,46!eKwU&n,+1 (796) 852-3971,Pakistan
277,Bilal Rossi,user0027746@gmail.com,rl@1XrKJ,+1 (603) 346-3509,Pakistan
278,Bilal Smith,user0027857@gmail.com,M2Ch#8Z$,+1 (301) 326-8524,Pakistan
279,Maryam Aslam,user0027995@gmail.com,O%mg0r0IP,+1 (408) 436-1645,Pakistan
280,Mia Ali,user0028087@gmail.com,T#R4frrj,+1 (318) 714-2457,Pakistan
281,Aleena Raza,user0028137@gmail.com,n@LW2o#c,+1 (290) 579-0842,Pakistan
282,Mia Park,user0028242@gmail.com,XU#7ya5#n,+1 (235) 301-3847,Pakistan
283,Adnan Tanaka,user0028370@gmail.com,Em4Z6#h4oa,+1 (754) 545-2260,Pakistan
284,Zain Rossi,user0028418@gmail.com,US4W40l@k&,+1 (820) 322-8286,UAE
285,Sara Qureshi,user0028568@gmail.com,19tS04O#,+1 (929) 512-0892,Pakistan
286,Mehwish Bhatti,user0028673@gmail.com,2R#I@ZbW4,+1 (872) 582-8215,Pakistan
287,Emma Park,user0028710@gmail.com,P6zh%Y$zbM,+1 (772) 454-6675,Pakistan
288,Sofia Younis,user0028810@gmail.com,1tiga!tkR,+1 (333) 602-6134,USA
289,Adnan Garcia,user0028963@gmail.com,q45IPX#Y2,+1 (466) 659-4188,Pakistan
290,Olivia Tanaka,user0029026@gmail.com,*TggIG1K,+1 (309) 947-5284,Pakistan
291,Fatima Malik,user0029166@gmail.com,71MQL$jk,+1 (820) 976-9823,Pakistan
292,Zara Chaudhry,user0029229@gmail.com,8v3h@P&TMR,+1 (606) 292-2078,Pakistan
293,Waqas Hussain,user0029339@gmail.com,28XB#3!y*t,+1 (553) 564-2013,Pakistan
294,Emma Nawaz,user0029435@gmail.com,!z7Kpk3kK!,+1 (636) 868-1776,Pakistan
295,Sana Riaz,user0029533@gmail.com,3cw9L*Gl,+1 (732) 334-1605,Pakistan
296,Fatima Tanaka,user0029632@gmail.com,*tz2*XP4,+1 (989) 848-9247,Pakistan
297,Maryam Ali,user0029738@gmail.com,ntE1tgL6F@,+1 (974) 246-3529,Pakistan
298,Komal Iqbal,user0029891@gmail.com,2%*qPDmly,+1 (430) 253-4243,Pakistan
299,Noor Javed,user0029913@gmail.com,5pj72!EI#,+1 (505) 587-3830,Pakistan
300,Emma Garcia,user0030095@gmail.com,bSHY4j4m@n,+1 (662) 760-9967,Pakistan
301,Sara Bhatti,user0030161@gmail.com,q4kFL#Wn9d,+1 (987) 662-6489,Pakistan
302,Usman Nawaz,user0030283@gmail.com,xfr%vPq3#6,+1 (961) 264-8955,Pakistan
303,Sana Lin,user0030375@gmail.com,5ieIXgJ!s0,+1 (288) 405-5296,Pakistan
304,Bilal Farooq,user0030494@gmail.com,RF9drOv@NB,+1 (207) 983-1038,Pakistan
305,Faisal Garcia,user0030576@gmail.com,HW9R&sJ2d,+1 (799) 851-4450,Pakistan
306,Amna Ali,user0030690@gmail.com,Og#9IT!@Ng,+1 (409) 673-1807,Pakistan
307,Ayesha Chaudhry,user0030717@gmail.com,&@eGoB1Q%,+1 (249) 318-9764,Pakistan
308,Iqra Rossi,user0030817@gmail.com,1ST!fWnP2,+1 (814) 629-6255,Pakistan
309,Iqra Hassan,user0030957@gmail.com,7@H4&4c5,+1 (318) 201-1666,Pakistan
310,Mahnoor Saleem,user0031036@gmail.com,y*P2AfJN,+1 (953) 576-3449,Pakistan
311,Tariq Javed,user0031159@gmail.com,w7Hy5&XU,+1 (515) 901-9229,Pakistan
312,Iqra Malik,user0031214@gmail.com,Q6u#KKXW,+1 (829) 206-6323,Pakistan
313,Sara Qureshi,user0031313@gmail.com,S7TrMzy@Ok,+1 (702) 351-3286,Pakistan
314,Tariq Khan,user0031466@gmail.com,XaCjjhdR*9,+1 (316) 927-7254,USA
315,Emma Mwangi,user0031525@gmail.com,*zS0KmiA#,+1 (852) 802-2047,Pakistan
316,Hussain Khan,user0031674@gmail.com,@%eD%53K1k,+1 (785) 227-9611,Pakistan
317,Omar Nawaz,user0031778@gmail.com,YHu5#%ns3J,+1 (996) 949-0656,Pakistan
318,Bilal Garcia,user0031882@gmail.com,vr*@oH9a,+1 (587) 751-6133,Pakistan
319,Mia Ali,user0031992@gmail.com,ai!80Znt,+1 (903) 887-7237,Pakistan
320,Rizwan Malik,user0032048@gmail.com,nVeIk!2V,+1 (728) 643-8874,UAE
321,Aleena Lin,user0032181@gmail.com,y2XXSLPp*7,+1 (455) 393-1941,Pakistan
322,Olivia Smith,user0032270@gmail.com,nN%6gvEw%9,+1 (841) 386-1808,Pakistan
323,Maryam Mwangi,user0032320@gmail.com,Hz6t2*odTd,+1 (479) 918-7157,Pakistan
324,Kamran Iqbal,user0032491@gmail.com,$%XwTDuO6,+1 (978) 875-7757,Pakistan
325,Hira Tanaka,user0032536@gmail.com,&pjBg$$2O,+1 (224) 760-9929,Pakistan
326,Hira Raza,user0032673@gmail.com,7&%We1K#T8,+1 (608) 680-3144,Pakistan
327,Zain Aslam,user0032723@gmail.com,M#EvQ@7#,+1 (639) 321-3320,Pakistan
328,Salman Qureshi,user0032827@gmail.com,&L@1c6Cw,+1 (965) 548-5945,Pakistan
329,Rizwan Lin,user0032914@gmail.com,n9YE8Aq%&,+1 (912) 853-4594,Pakistan
330,Saad Park,user0033083@gmail.com,d9Pf6wqsD$,+1 (693) 217-9614,Pakistan
331,Areeba Butt,user0033151@gmail.com,2wWIbZqr&t,+1 (947) 974-5669,Pakistan
332,Hussain Nawaz,user0033211@gmail.com,9x3D&kbN,+1 (212) 708-5121,Pakistan
333,Rabia Hussain,user0033329@gmail.com,0sIHp@hn,+1 (849) 282-9778,Pakistan
334,Waqas Aziz,user0033447@gmail.com,eU*tQ@6V6l,+1 (223) 279-3544,Pakistan
335,Laiba Tanaka,user0033565@gmail.com,oZ&Vfe5Afd,+1 (779) 940-3289,Pakistan
336,Areeba Smith,user0033620@gmail.com,*EX4pT9a,+1 (455) 767-3470,UAE
337,Aleena Younis,user0033717@gmail.com,kXeY$O3I,+1 (860) 648-4899,Pakistan
338,Iqra Rossi,user0033812@gmail.com,DPd6mD*sAT,+1 (481) 234-9561,Pakistan
339,Waqas Ali,user0033975@gmail.com,0AfHiqJw$,+1 (571) 419-1984,UK
340,Liam Younis,user0034048@gmail.com,zlTy2##P,+1 (281) 373-8101,UAE
341,Saad Cruz,user0034162@gmail.com,l39pYL5p!h,+1 (542) 964-8523,Pakistan
342,Omar Qureshi,user0034271@gmail.com,QLHR1$cx,+1 (219) 252-2592,Pakistan
343,Ali Nawaz,user0034337@gmail.com,zYIw$ck8,+1 (487) 753-4874,Pakistan
344,Iqra Riaz,user0034496@gmail.com,0Q#oqF9%,+1 (267) 811-3028,Canada
345,Adnan Aziz,user0034587@gmail.com,Tx1p#DFYJ,+1 (952) 581-0745,Pakistan
346,Iqra Rossi,user0034679@gmail.com,a2PO$&yA,+1 (702) 275-9883,Pakistan
347,Sadia Hussain,user0034753@gmail.com,R#yglmL8K,+1 (553) 385-8237,Pakistan
348,Fatima Iqbal,user0034819@gmail.com,!4T9yMFb,+1 (666) 772-0690,Pakistan
349,Imran Javed,user0034984@gmail.com,#Efj&i4T!T,+1 (500) 803-6714,Pakistan
350,Layla Qureshi,user0035087@gmail.com,g5sqMh3o*U,+1 (242) 334-7253,Pakistan
351,Nimra Mwangi,user0035152@gmail.com,Uz@$gN!vR3,+1 (322) 426-9640,Pakistan
352,Maryam Malik,user0035269@gmail.com,mTX2Bb*D*D,+1 (806) 725-0375,Pakistan
353,Mia Chaudhry,user0035341@gmail.com,PIS%j7Io,+1 (753) 419-5247,Pakistan
354,Faisal Javed,user0035414@gmail.com,b&9Teg!oZ,+1 (689) 786-8574,Pakistan
355,Komal Nawaz,user0035527@gmail.com,o7OX$uK1M,+1 (972) 455-8901,Pakistan
356,Kamran Nawaz,user0035694@gmail.com,fXr4h4YPG!,+1 (640) 917-3303,Pakistan
357,Liam Raza,user0035739@gmail.com,F2@U7GfvZ,+1 (492) 990-7536,UK
358,Eman Aslam,user0035825@gmail.com,H&LcuL7cyQ,+1 (999) 525-7453,Pakistan
359,Salman Khan,user0035990@gmail.com,8E2Gk@ZT,+1 (988) 618-3107,Pakistan
360,Sara Sheikh,user0036015@gmail.com,@SLLL5bWV9,+1 (887) 686-2194,Pakistan
361,Emma Younis,user0036126@gmail.com,C32#cQC#M,+1 (372) 319-2189,Pakistan
362,Ayesha Nawaz,user0036260@gmail.com,$E4C*iO!,+1 (414) 525-6010,Pakistan
363,Waqas Iqbal,user0036373@gmail.com,NR2x@*96,+1 (411) 861-3704,Pakistan
364,Hamza Lin,user0036439@gmail.com,&6t6u%4C,+1 (904) 770-0157,Pakistan
365,Laiba Tanaka,user0036542@gmail.com,4iEZ$@QxN7,+1 (915) 613-7204,Pakistan
366,Hassan Smith,user0036610@gmail.com,!oqHOgB9,+1 (441) 602-6367,Pakistan
367,Nimra Iqbal,user0036736@gmail.com,$u$#tHo7bc,+1 (465) 527-8388,UK
368,Mehwish Tanaka,user0036878@gmail.com,@zIdG5IMPl,+1 (818) 623-9725,Pakistan
369,Mahnoor Park,user0036918@gmail.com,3NQ9oIAV$Q,+1 (483) 392-0578,Pakistan
370,Areeba Hussain,user0037099@gmail.com,a3pMCsiVU&,+1 (449) 518-7213,Pakistan
371,Noah Javed,user0037196@gmail.com,jtA0s4O@Ao,+1 (285) 409-1755,Pakistan
372,Mia Malik,user0037256@gmail.com,hTr*KyR6,+1 (711) 262-0957,Pakistan
373,Hussain Younis,user0037329@gmail.com,Rq2HtNb%!$,+1 (960) 870-2767,Pakistan
374,Aleena Bhatti,user0037460@gmail.com,G6P$qy%x,+1 (459) 821-1247,Pakistan
375,Omar Chaudhry,user0037585@gmail.com,J1*!dEeJ,+1 (752) 865-6743,Pakistan
376,Emma Rossi,user0037652@gmail.com,5DM&6U3i%%,+1 (949) 839-5726,Pakistan
377,Aleena Ahmed,user0037769@gmail.com,3DY1w2q#Q,+1 (310) 253-3988,Canada
378,Salman Ali,user0037838@gmail.com,KgzZn7%ew,+1 (448) 202-2835,Pakistan
379,Rizwan Awan,user0037973@gmail.com,Ur8lX5*g,+1 (778) 375-3389,Pakistan
380,Junaid Iqbal,user0038061@gmail.com,T&mEdUu5n,+1 (469) 235-9949,Pakistan
381,Hamza Saleem,user0038181@gmail.com,Y#R2Qt0pe,+1 (301) 444-4256,Pakistan
382,Emma Chaudhry,user0038249@gmail.com,*$oU5oK8s,+1 (379) 212-0064,Pakistan
383,Sana Rossi,user0038361@gmail.com,#T2@y7NOol,+1 (583) 931-1625,Pakistan
384,Faisal Sheikh,user0038499@gmail.com,9@UD$7Nn@f,+1 (688) 647-3775,Pakistan
385,Olivia Cruz,user0038521@gmail.com,Z$co1Mmjv,+1 (619) 847-0813,Pakistan
386,Junaid Cruz,user0038660@gmail.com,nQ48xy2!,+1 (624) 397-5044,Saudi Arabia
387,Nimra Qureshi,user0038799@gmail.com,RnM#Z8B9fb,+1 (514) 504-2787,Pakistan
388,Ayesha Park,user0038851@gmail.com,q1C4Ls2fZ!,+1 (988) 692-4025,Pakistan
389,Hira Park,user0038976@gmail.com,TL4khVF%!g,+1 (679) 514-3080,Pakistan
390,Junaid Tanaka,user0039099@gmail.com,dF&Y&38Z3,+1 (877) 295-0001,Pakistan
391,Sadia Ali,user0039177@gmail.com,pA7&KtO8,+1 (812) 564-9615,Pakistan
392,Laiba Raza,user0039264@gmail.com,&sU53XQKM,+1 (624) 728-5192,Pakistan
393,Mia Malik,user0039350@gmail.com,L2JrM5z%o,+1 (420) 934-0867,Pakistan
394,Salman Aslam,user0039457@gmail.com,#pMud15B,+1 (343) 783-0919,USA
395,Hira Bhatti,user0039535@gmail.com,q5Dhbw*r,+1 (972) 552-0739,Pakistan
396,Bilal Younis,user0039655@gmail.com,wBP#@*9htF,+1 (314) 738-0545,Pakistan
397,Olivia Malik,user0039775@gmail.com,gHM0o8&F,+1 (237) 569-4688,Pakistan
398,Rizwan Saleem,user0039837@gmail.com,R@*D6St&2,+1 (901) 270-0015,Pakistan
399,Laiba Hussain,user0039939@gmail.com,4l$u3uVpE,+1 (913) 328-0721,Pakistan
400,Zain Smith,user0040021@gmail.com,g27*qNHi,+1 (421) 869-0015,Pakistan
401,Lucas Sheikh,user0040119@gmail.com,BnHA!0L7Y,+1 (989) 962-8341,Pakistan
402,Eman Farooq,user0040258@gmail.com,fR0tH!Qgr,+1 (332) 977-5222,Pakistan
403,Hamza Bhatti,user0040346@gmail.com,j@lNZUVIZ6,+1 (812) 986-6774,Pakistan
404,Mahnoor Hussain,user0040414@gmail.com,7$l3PfELP,+1 (442) 295-7201,USA
405,Mahnoor Bhatti,user0040521@gmail.com,P7DAzoi&h,+1 (525) 228-6149,Pakistan
406,Mia Awan,user0040694@gmail.com,H#&dN3XC,+1 (718) 717-3279,Pakistan
407,Fatima Iqbal,user0040741@gmail.com,&MJg%Y4t0,+1 (255) 349-1442,Pakistan
408,Rizwan Khan,user0040895@gmail.com,@4m2AgER38,+1 (251) 383-5169,Pakistan
409,Laiba Park,user0040940@gmail.com,k8qh&sWP,+1 (414) 932-4052,Pakistan
410,Lucas Aslam,user0041078@gmail.com,N7GG&0H3dt,+1 (786) 464-4738,Pakistan
411,Layla Garcia,user0041199@gmail.com,8hHm!u&%,+1 (975) 888-7536,Pakistan
412,Junaid Chaudhry,user0041278@gmail.com,6vnx4LqTw$,+1 (570) 806-4816,Pakistan
413,Mahnoor Younis,user0041372@gmail.com,MxP3#uKP,+1 (739) 305-6879,Canada
414,Aleena Iqbal,user0041486@gmail.com,%nC3tg9W,+1 (979) 460-7626,Pakistan
415,Ali Tanaka,user0041581@gmail.com,N#6Qag208,+1 (558) 307-8164,Pakistan
416,Tariq Javed,user0041670@gmail.com,7*EvtZm!y5,+1 (890) 489-5837,Pakistan
417,Mia Chaudhry,user0041744@gmail.com,T7%JF2uv,+1 (713) 687-4362,Pakistan
418,Zain Farooq,user0041859@gmail.com,xe%p*HM5Q,+1 (689) 846-2678,Pakistan
419,Sadia Ali,user0041993@gmail.com,FmdO18#sX,+1 (336) 250-4844,Pakistan
420,Zain Younis,user0042066@gmail.com,Ai85d%65,+1 (618) 638-1031,Pakistan
421,Iqra Smith,user0042149@gmail.com,g0&UsQach5,+1 (902) 815-7626,Pakistan
422,Amna Smith,user0042247@gmail.com,ogPh1&xX1Z,+1 (806) 632-0543,Pakistan
423,Olivia Khan,user0042361@gmail.com,Vq8xx%y4,+1 (337) 764-0621,UAE
424,Areeba Hassan,user0042462@gmail.com,#0r#MWjA,+1 (493) 220-6411,Pakistan
425,Sara Younis,user0042553@gmail.com,i96Hi&mR,+1 (317) 259-4250,Pakistan
426,Tariq Qureshi,user0042696@gmail.com,8R%9c72P5,+1 (203) 790-6550,Pakistan
427,Noman Aslam,user0042749@gmail.com,1oR!u%XDHt,+1 (290) 826-5610,UK
428,Lucas Chaudhry,user0042824@gmail.com,AloY9!4&,+1 (448) 447-2358,Pakistan
429,Adnan Hassan,user0042950@gmail.com,RlwgW5N&9v,+1 (510) 396-9813,Pakistan
430,Liam Lin,user0043022@gmail.com,kB!1%eV&6U,+1 (738) 443-4798,India
431,Rabia Ahmed,user0043136@gmail.com,y!E7ISf!NY,+1 (666) 429-7237,USA
432,Hamza Bhatti,user0043218@gmail.com,lnG%lUr1P,+1 (380) 522-3408,Pakistan
433,Mehwish Awan,user0043312@gmail.com,#ku3@r2ELU,+1 (833) 224-8474,Pakistan
434,Maryam Bhatti,user0043440@gmail.com,bSM5*5hAQY,+1 (907) 826-2189,Pakistan
435,Salman Aziz,user0043596@gmail.com,5&G66#sX&,+1 (488) 577-2756,Pakistan
436,Asad Khan,user0043690@gmail.com,!F6GxzCdt,+1 (846) 705-8000,Pakistan
437,Adnan Saleem,user0043770@gmail.com,$N&aWlNu1,+1 (938) 328-9308,Pakistan
438,Junaid Malik,user0043841@gmail.com,Crw40w%sq,+1 (459) 669-7114,Pakistan
439,Hassan Raza,user0043930@gmail.com,N@XUaAx9pl,+1 (207) 261-0149,Pakistan
440,Bilal Farooq,user0044057@gmail.com,52D&FgqcBF,+1 (225) 430-1476,Pakistan
441,Faisal Park,user0044195@gmail.com,3e7O4ji@,+1 (683) 412-0927,UK
442,Noah Awan,user0044289@gmail.com,Sdw2uR$FE9,+1 (362) 905-9104,Pakistan
443,Ayesha Khan,user0044337@gmail.com,CoEF1#cd,+1 (403) 349-2968,Pakistan
444,Mahnoor Khan,user0044433@gmail.com,ep%eA3r$0,+1 (450) 984-8054,Pakistan
445,Rabia Javed,user0044560@gmail.com,qeMe1&da3,+1 (265) 661-9805,Pakistan
446,Ahmed Javed,user0044630@gmail.com,geGy0t3$OW,+1 (310) 218-8953,Pakistan
447,Junaid Garcia,user0044745@gmail.com,k2AO6*NRM,+1 (454) 412-9435,Pakistan
448,Noman Garcia,user0044889@gmail.com,&$Wsyc3t,+1 (290) 833-8938,Pakistan
449,Adnan Khan,user0044937@gmail.com,4fCan@Z@g,+1 (394) 479-0363,Pakistan
450,Kamran Khan,user0045026@gmail.com,4!PJmuBZ,+1 (528) 691-1916,Pakistan
451,Imran Chaudhry,user0045167@gmail.com,1Of#SN#7H@,+1 (827) 915-8143,Pakistan
452,Hussain Iqbal,user0045254@gmail.com,pG67%%%7,+1 (945) 280-5662,Pakistan
453,Noman Garcia,user0045366@gmail.com,0@0KZfN8Th,+1 (609) 711-4216,Pakistan
454,Noah Smith,user0045463@gmail.com,9t&8DG*2,+1 (576) 885-2746,Pakistan
455,Areeba Park,user0045590@gmail.com,SB2AA$kj1g,+1 (362) 559-7728,Pakistan
456,Hira Chaudhry,user0045674@gmail.com,gF!P0WmW,+1 (685) 567-9481,Pakistan
457,Iqra Cruz,user0045756@gmail.com,hb453W%Oj,+1 (428) 258-6930,Pakistan
458,Salman Riaz,user0045882@gmail.com,y*V8&44gV,+1 (638) 635-3850,Pakistan
459,Daniel Qureshi,user0045993@gmail.com,Y8$c01m1,+1 (563) 560-5021,Pakistan
460,Zain Rossi,user0046074@gmail.com,5DMu*VdZB#,+1 (631) 496-8018,Pakistan
461,Hussain Ali,user0046171@gmail.com,Ti@AYt9X,+1 (835) 219-9636,Pakistan
462,Hassan Park,user0046234@gmail.com,2**%QYuD,+1 (451) 496-0596,Pakistan
463,Kamran Garcia,user0046353@gmail.com,lKE#TRdw92,+1 (347) 583-9441,UAE
464,Rabia Farooq,user0046425@gmail.com,y2otKhv*!!,+1 (343) 480-0900,Pakistan
465,Imran Nawaz,user0046582@gmail.com,BxKAGv!4,+1 (496) 503-5444,Pakistan
466,Junaid Qureshi,user0046626@gmail.com,3!HHKxHx,+1 (230) 877-8161,Pakistan
467,Hira Malik,user0046765@gmail.com,s0d%O0q8a,+1 (621) 913-3480,Pakistan
468,Komal Saleem,user0046831@gmail.com,nERS2m!Gv,+1 (968) 620-3299,USA
469,Saad Javed,user0046940@gmail.com,p70L*$vk&L,+1 (742) 690-1323,Pakistan
470,Daniel Garcia,user0047095@gmail.com,A&TS&0CKpU,+1 (218) 440-0873,India
471,Emma Raza,user0047115@gmail.com,ziCd!0wZ9,+1 (971) 617-2481,Canada
472,Faisal Farooq,user0047255@gmail.com,7TNfgev*V$,+1 (770) 320-3264,Pakistan
473,Mahnoor Garcia,user0047341@gmail.com,Vslv9D&x,+1 (727) 861-9504,Pakistan
474,Ahmed Nawaz,user0047437@gmail.com,a3nG3K2o!*,+1 (991) 600-9174,Pakistan
475,Usman Cruz,user0047550@gmail.com,IjRh!W3525,+1 (483) 857-8967,Pakistan
476,Fatima Ali,user0047694@gmail.com,&dJ3%Og3@&,+1 (602) 345-8493,Pakistan
477,Sana Aziz,user0047791@gmail.com,9Vqb%r1Z9V,+1 (941) 575-6509,Pakistan
478,Olivia Iqbal,user0047850@gmail.com,5b17M1O#,+1 (227) 309-5480,Pakistan
479,Rizwan Nawaz,user0047921@gmail.com,2zeI0QN5!l,+1 (230) 373-7484,Pakistan
480,Asad Javed,user0048047@gmail.com,i%dS4LeFP%,+1 (226) 422-5272,Pakistan
481,Rabia Riaz,user0048170@gmail.com,mY0#mT#*EC,+1 (405) 696-8728,USA
482,Aleena Ahmed,user0048294@gmail.com,9V4Xia!$@,+1 (858) 901-8150,Pakistan
483,Iqra Butt,user0048395@gmail.com,k37p9*8@Q,+1 (499) 348-9619,Saudi Arabia
484,Ayesha Bhatti,user0048424@gmail.com,TH2Lu#fa*,+1 (340) 554-5947,Pakistan
485,Imran Butt,user0048569@gmail.com,8%&A%0db7c,+1 (435) 450-2005,Pakistan
486,Noman Mwangi,user0048632@gmail.com,eH9!RUpF,+1 (897) 460-1026,Pakistan
487,Hamza Park,user0048754@gmail.com,n3!YUUeI,+1 (865) 957-5243,India
488,Liam Awan,user0048827@gmail.com,1zm1P$#T,+1 (256) 837-2974,Pakistan
489,Zara Farooq,user0048947@gmail.com,PgDT866d#$,+1 (841) 692-0776,Pakistan
490,Mia Raza,user0049061@gmail.com,Ro$7r28c,+1 (251) 786-1384,Canada
491,Ahmed Garcia,user0049142@gmail.com,Jm&An*d*K9,+1 (887) 860-2365,Pakistan
492,Komal Bhatti,user0049235@gmail.com,%#iGSxy&09,+1 (658) 270-1821,Canada
493,Sara Qureshi,user0049356@gmail.com,XEcR0Pr$6,+1 (941) 685-4090,Pakistan
494,Saad Butt,user0049421@gmail.com,RtSB&*c1,+1 (529) 782-1781,Pakistan
495,Sana Garcia,user0049553@gmail.com,BbKL$8TZ16,+1 (737) 340-1994,India
496,Aleena Hussain,user0049693@gmail.com,%3%bvvNQ,+1 (711) 526-2985,Pakistan
497,Saad Hassan,user0049726@gmail.com,OC#6Vu8u,+1 (910) 461-7720,Pakistan
498,Laiba Aslam,user0049813@gmail.com,hW@3$g03u&,+1 (816) 864-1298,Pakistan
499,Hussain Rossi,user0049924@gmail.com,$mJ3U%As,+1 (885) 619-2405,Pakistan
500,Nimra Butt,user0050097@gmail.com,MaL#&6T*,+1 (756) 250-3827,Pakistan
